node_id,root_distance,null_intersects,intersect_score,number_of_leaves,combinations,incomplete_combinations
85,0,0,incomplete,42,117,117
77,0.00305604470781521,0,incomplete,39,308,308
55,0.0123823103881764,21,0.0781781737619989,28,52,0
51,0.0230381211373401,38,0.209754325017945,26,88,0
7,0.025453416043045,2,0.421566588829624,4,4,0
3,0.0335693119875634,0,0.108365105048413,2,1,0
6,0.0384882459488612,0,0.513851098673944,2,1,0
